<?xml version="1.0" encoding="UTF-8"?>
<beans:beans xmlns="http://www.springframework.org/schema/mvc"
	xmlns:xsi="http://www.w3.org/2001/XMLSchema-instance" xmlns:beans="http://www.springframework.org/schema/beans"
	xmlns:context="http://www.springframework.org/schema/context"
	xsi:schemaLocation="http://www.springframework.org/schema/mvc http://www.springframework.org/schema/mvc/spring-mvc.xsd
		http://www.springframework.org/schema/beans http://www.springframework.org/schema/beans/spring-beans.xsd
		http://www.springframework.org/schema/context http://www.springframework.org/schema/context/spring-context.xsd">

	<!-- DispatcherServlet Context: defines this servlet's request-processing 
		infrastructure -->

	<!-- Enables the Spring MVC @Controller programming model -->
	<annotation-driven />

	<!-- Handles HTTP GET requests for /resources/** by efficiently serving 
		up static resources in the ${webappRoot}/resources directory -->
	<resources mapping="/resources/**" location="/resources/" />

	<!-- Resolves views selected for rendering by @Controllers to .jsp resources 
		in the /WEB-INF/views directory -->



	<!-- ==============뷰리졸버에 대한 등록================================= -->
	<beans:bean
		class="org.springframework.web.servlet.view.InternalResourceViewResolver">
		<beans:property name="prefix" value="/WEB-INF/" />
		<beans:property name="suffix" value=".jsp" />
		<beans:property name="order" value="2" />
	</beans:bean>



	<!-- ======================어노테이션============================== -->
	<context:component-scan base-package="enoch" />
	<context:component-scan base-package="main" />
	<context:component-scan base-package="afc" />
	<context:component-scan base-package="ktds" />


	<!-- ==================tiles를 사용하기 위한 설정===================== -->
	<!-- 1. tiles의 설정파일의 정보를 등록 -->
	<beans:bean id="tilesConfigurer"
		class="org.springframework.web.servlet.view.tiles3.TilesConfigurer">
		<beans:property name="definitions">
			<beans:list>
				<beans:value>/WEB-INF/**/*-tiles.xml</beans:value>
			</beans:list>
		</beans:property>
	</beans:bean>

	<!-- 2. ViewResolver가 기본 jsp로 뷰를 생성하지 않고 tiles프레임워크를 통해서 뷰를 생성할 수 있도록 뷰리졸버를 
		등록 -->
	<beans:bean id="tilesViewResolver"
		class="org.springframework.web.servlet.view.UrlBasedViewResolver">
		<beans:property name="viewClass"
			value="org.springframework.web.servlet.view.tiles3.TilesView" />
		<beans:property name="order" value="1" />
	</beans:bean>

<!-- =================db사용============================= -->
	<!-- db연동을 위한 설정(spring jdbc):Connection pool로 수정-->
	<beans:bean id="ds" 
		class="org.springframework.jndi.JndiObjectFactoryBean">
		<beans:property name="jndiName" value="jdbc/myspring"/>
		<beans:property name="resourceRef" value="true"/>
	</beans:bean>
	
	<!-- =================mybatis사용============================= -->
	<beans:bean id="sqlSessionFactory"
		class="org.mybatis.spring.SqlSessionFactoryBean">
		<beans:property name="dataSource" ref="ds"/>
		<beans:property name="configLocation" 
					value="/WEB-INF/config/mybatis-config.xml"/>
	</beans:bean>
	<beans:bean id="sqlSessionTemplate"
			class="org.mybatis.spring.SqlSessionTemplate">
		<beans:constructor-arg ref="sqlSessionFactory"/>
	</beans:bean>
	
	<!-- ==================파일업로드================== -->
	<beans:bean id ="multipartResolver" class = "org.springframework.web.multipart.commons.CommonsMultipartResolver">
		<beans:property name="maxUploadSize" value="5000000"/>
		<beans:property name="defaultEncoding" value ="UTF-8"/>
	</beans:bean>
</beans:beans>
